{"cameraMode":{"drawMode":0,"name":"Shaded","section":"Shading Mode"},"sceneLighting":true,"audioPlay":false,"sceneViewState":{"showFog":true,"showMaterialUpdate":false,"showSkybox":true,"showFlares":true,"showImageEffects":true,"showParticleSystems":true},"in2DMode":false,"pivot":{"x":-0.11254347115755081,"y":2.471825361251831,"z":-5.440430164337158},"rotation":{"x":0.09076910465955734,"y":-0.008962764404714108,"z":0.0008170019136741757,"w":0.9958328604698181},"size":6.902132987976074,"orthographic":true}