{"cameraMode":{"drawMode":0,"name":"Shaded","section":"Shading Mode"},"sceneLighting":true,"audioPlay":false,"sceneViewState":{"showFog":true,"showMaterialUpdate":false,"showSkybox":true,"showFlares":true,"showImageEffects":true,"showParticleSystems":true},"in2DMode":false,"pivot":{"x":-1.711456060409546,"y":2.354433059692383,"z":-0.4002176523208618},"rotation":{"x":-0.2348010092973709,"y":0.31989431381225588,"z":-0.08215992152690888,"w":-0.914225697517395},"size":1.4377716779708863,"orthographic":true}