{"cameraMode":{"drawMode":0,"name":"Shaded","section":"Shading Mode"},"sceneLighting":true,"audioPlay":false,"sceneViewState":{"showFog":true,"showMaterialUpdate":false,"showSkybox":true,"showFlares":true,"showImageEffects":true,"showParticleSystems":true},"in2DMode":false,"pivot":{"x":0.8884854316711426,"y":1.5776808261871338,"z":3.468656063079834},"rotation":{"x":0.014645714312791825,"y":0.8775619864463806,"z":0.02686552330851555,"w":-0.4785076677799225},"size":1.340287446975708,"orthographic":true}