{"cameraMode":{"drawMode":0,"name":"Shaded","section":"Shading Mode"},"sceneLighting":true,"audioPlay":false,"sceneViewState":{"showFog":true,"showMaterialUpdate":false,"showSkybox":true,"showFlares":true,"showImageEffects":true,"showParticleSystems":true},"in2DMode":false,"pivot":{"x":0.4477863907814026,"y":1.2900749444961548,"z":1.8172619342803956},"rotation":{"x":0.018373914062976838,"y":0.9814328551292419,"z":-0.14471454918384553,"w":0.12461461871862412},"size":1.8076846599578858,"orthographic":true}