{"cameraMode":{"drawMode":0,"name":"Shaded","section":"Shading Mode"},"sceneLighting":true,"audioPlay":false,"sceneViewState":{"showFog":true,"showMaterialUpdate":false,"showSkybox":true,"showFlares":true,"showImageEffects":true,"showParticleSystems":true},"in2DMode":false,"pivot":{"x":-1.984628438949585,"y":1.461552381515503,"z":1.4600576162338257},"rotation":{"x":0.07132798433303833,"y":0.659752368927002,"z":-0.06313099712133408,"w":0.7454319000244141},"size":4.70265531539917,"orthographic":true}